Product,Description,Application
Galactic Cruiser,An innovative spacecraft designed for deep space exploration,Stellar Drive Propulsion
Galactic Cruiser,,Holodeck Entertainment
SkySailor Drones,Environmentally-friendly drones powered by solar and wind energy,Eco-Cam Tech
SkySailor Drones,,Infinite Flight Mode
Nebula Stations,Modular space habitats intended for research, tourism, and potential future colonization efforts,Bio-Dome Agriculture
Nebula Stations,,Gravity Pods
AeroAcademy,An immersive training institution offering programs in aerospace engineering, astronaut training, and space tourism orientation,Virtual Spacewalks
AeroAcademy,,Intergalactic Culture Modules
